"U:0","U:1","U:2","p","vtkValidPointMask","arc_length","Points:0","Points:1","Points:2"
0.0011961,0.066966,0,-0.017927,1,0,0,0.5,0.05
0.0013402,0.07208,0,-0.017926,1,0.001,0.001,0.5,0.05
0.0014844,0.077195,0,-0.017926,1,0.002,0.002,0.5,0.05
0.0016285,0.082309,0,-0.017925,1,0.003,0.003,0.5,0.05
0.0017727,0.087423,0,-0.017925,1,0.004,0.004,0.5,0.05
0.0019168,0.092538,0,-0.017924,1,0.005,0.005,0.5,0.05
0.0020609,0.097652,0,-0.017923,1,0.006,0.006,0.5,0.05
0.0022051,0.10277,0,-0.017923,1,0.007,0.007,0.5,0.05
0.0023492,0.10788,0,-0.017922,1,0.008,0.008,0.5,0.05
0.0024933,0.113,0,-0.017922,1,0.009,0.009,0.5,0.05
0.0026375,0.11811,0,-0.017921,1,0.01,0.01,0.5,0.05
0.0028598,0.12658,0,-0.017937,1,0.011,0.011,0.5,0.05
0.0030822,0.13504,0,-0.017953,1,0.012,0.012,0.5,0.05
0.0033046,0.14351,0,-0.017969,1,0.013,0.013,0.5,0.05
0.0035269,0.15198,0,-0.017985,1,0.014,0.014,0.5,0.05
0.0037493,0.16044,0,-0.018001,1,0.015,0.015,0.5,0.05
0.0039717,0.16891,0,-0.018017,1,0.016,0.016,0.5,0.05
0.004194,0.17737,0,-0.018033,1,0.017,0.017,0.5,0.05
0.0044164,0.18584,0,-0.018049,1,0.018,0.018,0.5,0.05
0.0046388,0.19431,0,-0.018066,1,0.019,0.019,0.5,0.05
0.0048611,0.20277,0,-0.018082,1,0.02,0.02,0.5,0.05
0.0049106,0.20826,0,-0.01813,1,0.021,0.021,0.5,0.05
0.0049601,0.21375,0,-0.018179,1,0.022,0.022,0.5,0.05
0.0050095,0.21923,0,-0.018228,1,0.023,0.023,0.5,0.05
0.005059,0.22472,0,-0.018277,1,0.024,0.024,0.5,0.05
0.0051084,0.23021,0,-0.018326,1,0.025,0.025,0.5,0.05
0.0051579,0.23569,0,-0.018375,1,0.026,0.026,0.5,0.05
0.0052074,0.24118,0,-0.018424,1,0.027,0.027,0.5,0.05
0.0052568,0.24667,0,-0.018473,1,0.028,0.028,0.5,0.05
0.0053063,0.25215,0,-0.018521,1,0.029,0.029,0.5,0.05
0.0053557,0.25764,0,-0.01857,1,0.03,0.03,0.5,0.05
0.0052525,0.26129,0,-0.018651,1,0.031,0.031,0.5,0.05
0.0051492,0.26493,0,-0.018732,1,0.032,0.032,0.5,0.05
0.005046,0.26857,0,-0.018813,1,0.033,0.033,0.5,0.05
0.0049427,0.27222,0,-0.018894,1,0.034,0.034,0.5,0.05
0.0048394,0.27586,0,-0.018975,1,0.035,0.035,0.5,0.05
0.0047362,0.27951,0,-0.019056,1,0.036,0.036,0.5,0.05
0.0046329,0.28315,0,-0.019137,1,0.037,0.037,0.5,0.05
0.0045297,0.2868,0,-0.019218,1,0.038,0.038,0.5,0.05
0.0044264,0.29044,0,-0.019299,1,0.039,0.039,0.5,0.05
0.0043231,0.29408,0,-0.01938,1,0.04,0.04,0.5,0.05
0.0041679,0.29676,0,-0.019494,1,0.041,0.041,0.5,0.05
0.0040128,0.29944,0,-0.019608,1,0.042,0.042,0.5,0.05
0.0038576,0.30212,0,-0.019722,1,0.043,0.043,0.5,0.05
0.0037024,0.3048,0,-0.019836,1,0.044,0.044,0.5,0.05
0.0035472,0.30748,0,-0.01995,1,0.045,0.045,0.5,0.05
0.003392,0.31016,0,-0.020064,1,0.046,0.046,0.5,0.05
0.0032368,0.31283,0,-0.020177,1,0.047,0.047,0.5,0.05
0.0030817,0.31551,0,-0.020291,1,0.048,0.048,0.5,0.05
0.0029265,0.31819,0,-0.020405,1,0.049,0.049,0.5,0.05
0.0027713,0.32087,0,-0.020519,1,0.05,0.05,0.5,0.05
0.0026185,0.32293,0,-0.020665,1,0.051,0.051,0.5,0.05
0.0024657,0.32498,0,-0.020812,1,0.052,0.052,0.5,0.05
0.002313,0.32704,0,-0.020958,1,0.053,0.053,0.5,0.05
0.0021602,0.32909,0,-0.021104,1,0.054,0.054,0.5,0.05
0.0020074,0.33115,0,-0.02125,1,0.055,0.055,0.5,0.05
0.0018547,0.33321,0,-0.021396,1,0.056,0.056,0.5,0.05
0.0017019,0.33526,0,-0.021543,1,0.057,0.057,0.5,0.05
0.0015491,0.33732,0,-0.021689,1,0.058,0.058,0.5,0.05
0.0013964,0.33938,0,-0.021835,1,0.059,0.059,0.5,0.05
0.0012436,0.34143,0,-0.021981,1,0.06,0.06,0.5,0.05
0.0011114,0.34291,0,-0.022157,1,0.061,0.061,0.5,0.05
0.00097914,0.34439,0,-0.022333,1,0.062,0.062,0.5,0.05
0.00084691,0.34586,0,-0.022509,1,0.063,0.063,0.5,0.05
0.00071468,0.34734,0,-0.022685,1,0.064,0.064,0.5,0.05
0.00058245,0.34882,0,-0.022861,1,0.065,0.065,0.5,0.05
0.00045021,0.3503,0,-0.023037,1,0.066,0.066,0.5,0.05
0.00031798,0.35177,0,-0.023213,1,0.067,0.067,0.5,0.05
0.00018575,0.35325,0,-0.023389,1,0.068,0.068,0.5,0.05
5.3519e-05,0.35473,0,-0.023565,1,0.069,0.069,0.5,0.05
-7.8713e-05,0.3562,0,-0.02374,1,0.07,0.07,0.5,0.05
-0.0001873,0.35708,0,-0.023941,1,0.071,0.071,0.5,0.05
-0.00029589,0.35795,0,-0.024142,1,0.072,0.072,0.5,0.05
-0.00040447,0.35882,0,-0.024343,1,0.073,0.073,0.5,0.05
-0.00051306,0.35969,0,-0.024544,1,0.074,0.074,0.5,0.05
-0.00062165,0.36056,0,-0.024745,1,0.075,0.075,0.5,0.05
-0.00073023,0.36143,0,-0.024946,1,0.076,0.076,0.5,0.05
-0.00083882,0.3623,0,-0.025147,1,0.077,0.077,0.5,0.05
-0.00094741,0.36317,0,-0.025348,1,0.078,0.078,0.5,0.05
-0.001056,0.36404,0,-0.025548,1,0.079,0.079,0.5,0.05
-0.0011646,0.36491,0,-0.025749,1,0.08,0.08,0.5,0.05
-0.0012515,0.36518,0,-0.025969,1,0.081,0.081,0.5,0.05
-0.0013385,0.36545,0,-0.026188,1,0.082,0.082,0.5,0.05
-0.0014254,0.36571,0,-0.026407,1,0.083,0.083,0.5,0.05
-0.0015124,0.36598,0,-0.026626,1,0.084,0.084,0.5,0.05
-0.0015994,0.36625,0,-0.026846,1,0.085,0.085,0.5,0.05
-0.0016863,0.36651,0,-0.027065,1,0.086,0.086,0.5,0.05
-0.0017733,0.36678,0,-0.027284,1,0.087,0.087,0.5,0.05
-0.0018602,0.36705,0,-0.027504,1,0.088,0.088,0.5,0.05
-0.0019472,0.36731,0,-0.027723,1,0.089,0.089,0.5,0.05
-0.0020341,0.36758,0,-0.027942,1,0.09,0.09,0.5,0.05
-0.0021033,0.3673,0,-0.028172,1,0.091,0.091,0.5,0.05
-0.0021725,0.36701,0,-0.028403,1,0.092,0.092,0.5,0.05
-0.0022416,0.36672,0,-0.028633,1,0.093,0.093,0.5,0.05
-0.0023108,0.36644,0,-0.028863,1,0.094,0.094,0.5,0.05
-0.0023799,0.36615,0,-0.029093,1,0.095,0.095,0.5,0.05
-0.0024491,0.36587,0,-0.029324,1,0.096,0.096,0.5,0.05
-0.0025183,0.36558,0,-0.029554,1,0.097,0.097,0.5,0.05
-0.0025874,0.3653,0,-0.029784,1,0.098,0.098,0.5,0.05
-0.0026566,0.36501,0,-0.030014,1,0.099,0.099,0.5,0.05
-0.0027258,0.36472,0,-0.030245,1,0.1,0.1,0.5,0.05
-0.0027818,0.36398,0,-0.030479,1,0.101,0.101,0.5,0.05
-0.0028379,0.36324,0,-0.030713,1,0.102,0.102,0.5,0.05
-0.002894,0.36249,0,-0.030948,1,0.103,0.103,0.5,0.05
-0.00295,0.36175,0,-0.031182,1,0.104,0.104,0.5,0.05
-0.0030061,0.361,0,-0.031416,1,0.105,0.105,0.5,0.05
-0.0030622,0.36026,0,-0.031651,1,0.106,0.106,0.5,0.05
-0.0031182,0.35952,0,-0.031885,1,0.107,0.107,0.5,0.05
-0.0031743,0.35877,0,-0.032119,1,0.108,0.108,0.5,0.05
-0.0032304,0.35803,0,-0.032353,1,0.109,0.109,0.5,0.05
-0.0032864,0.35728,0,-0.032588,1,0.11,0.11,0.5,0.05
-0.0033339,0.3562,0,-0.03282,1,0.111,0.111,0.5,0.05
-0.0033814,0.35511,0,-0.033052,1,0.112,0.112,0.5,0.05
-0.0034288,0.35403,0,-0.033284,1,0.113,0.113,0.5,0.05
-0.0034763,0.35294,0,-0.033516,1,0.114,0.114,0.5,0.05
-0.0035237,0.35185,0,-0.033748,1,0.115,0.115,0.5,0.05
-0.0035712,0.35077,0,-0.03398,1,0.116,0.116,0.5,0.05
-0.0036187,0.34968,0,-0.034212,1,0.117,0.117,0.5,0.05
-0.0036661,0.3486,0,-0.034444,1,0.118,0.118,0.5,0.05
-0.0037136,0.34751,0,-0.034677,1,0.119,0.119,0.5,0.05
-0.003761,0.34643,0,-0.034909,1,0.12,0.12,0.5,0.05
-0.0038027,0.34512,0,-0.035134,1,0.121,0.121,0.5,0.05
-0.0038444,0.34381,0,-0.035359,1,0.122,0.122,0.5,0.05
-0.003886,0.34251,0,-0.035584,1,0.123,0.123,0.5,0.05
-0.0039277,0.3412,0,-0.035809,1,0.124,0.124,0.5,0.05
-0.0039693,0.33989,0,-0.036034,1,0.125,0.125,0.5,0.05
-0.004011,0.33859,0,-0.036259,1,0.126,0.126,0.5,0.05
-0.0040526,0.33728,0,-0.036485,1,0.127,0.127,0.5,0.05
-0.0040943,0.33598,0,-0.03671,1,0.128,0.128,0.5,0.05
-0.0041359,0.33467,0,-0.036935,1,0.129,0.129,0.5,0.05
-0.0041776,0.33336,0,-0.03716,1,0.13,0.13,0.5,0.05
-0.0042158,0.33195,0,-0.037376,1,0.131,0.131,0.5,0.05
-0.0042541,0.33053,0,-0.037592,1,0.132,0.132,0.5,0.05
-0.0042924,0.32911,0,-0.037807,1,0.133,0.133,0.5,0.05
-0.0043306,0.3277,0,-0.038023,1,0.134,0.134,0.5,0.05
-0.0043689,0.32628,0,-0.038239,1,0.135,0.135,0.5,0.05
-0.0044071,0.32486,0,-0.038455,1,0.136,0.136,0.5,0.05
-0.0044454,0.32344,0,-0.038671,1,0.137,0.137,0.5,0.05
-0.0044836,0.32203,0,-0.038886,1,0.138,0.138,0.5,0.05
-0.0045219,0.32061,0,-0.039102,1,0.139,0.139,0.5,0.05
-0.0045601,0.31919,0,-0.039318,1,0.14,0.14,0.5,0.05
-0.0045976,0.31775,0,-0.039523,1,0.141,0.141,0.5,0.05
-0.0046351,0.31632,0,-0.039728,1,0.142,0.142,0.5,0.05
-0.0046726,0.31488,0,-0.039934,1,0.143,0.143,0.5,0.05
-0.0047101,0.31344,0,-0.040139,1,0.144,0.144,0.5,0.05
-0.0047476,0.312,0,-0.040344,1,0.145,0.145,0.5,0.05
-0.0047851,0.31056,0,-0.040549,1,0.146,0.146,0.5,0.05
-0.0048226,0.30912,0,-0.040754,1,0.147,0.147,0.5,0.05
-0.0048601,0.30768,0,-0.04096,1,0.148,0.148,0.5,0.05
-0.0048976,0.30624,0,-0.041165,1,0.149,0.149,0.5,0.05
-0.0049351,0.3048,0,-0.04137,1,0.15,0.15,0.5,0.05
-0.0049739,0.3034,0,-0.041564,1,0.151,0.151,0.5,0.05
-0.0050127,0.302,0,-0.041759,1,0.152,0.152,0.5,0.05
-0.0050515,0.3006,0,-0.041953,1,0.153,0.153,0.5,0.05
-0.0050904,0.2992,0,-0.042148,1,0.154,0.154,0.5,0.05
-0.0051292,0.29781,0,-0.042342,1,0.155,0.155,0.5,0.05
-0.005168,0.29641,0,-0.042536,1,0.156,0.156,0.5,0.05
-0.0052068,0.29501,0,-0.042731,1,0.157,0.157,0.5,0.05
-0.0052456,0.29361,0,-0.042925,1,0.158,0.158,0.5,0.05
-0.0052845,0.29221,0,-0.04312,1,0.159,0.159,0.5,0.05
-0.0053233,0.29081,0,-0.043314,1,0.16,0.16,0.5,0.05
-0.0053648,0.28949,0,-0.043498,1,0.161,0.161,0.5,0.05
-0.0054063,0.28817,0,-0.043683,1,0.162,0.162,0.5,0.05
-0.0054478,0.28685,0,-0.043867,1,0.163,0.163,0.5,0.05
-0.0054893,0.28553,0,-0.044051,1,0.164,0.164,0.5,0.05
-0.0055308,0.28421,0,-0.044235,1,0.165,0.165,0.5,0.05
-0.0055723,0.28289,0,-0.044419,1,0.166,0.166,0.5,0.05
-0.0056138,0.28157,0,-0.044604,1,0.167,0.167,0.5,0.05
-0.0056553,0.28025,0,-0.044788,1,0.168,0.168,0.5,0.05
-0.0056968,0.27893,0,-0.044972,1,0.169,0.169,0.5,0.05
-0.0057383,0.27761,0,-0.045156,1,0.17,0.17,0.5,0.05
-0.0057834,0.27639,0,-0.045331,1,0.171,0.171,0.5,0.05
-0.0058286,0.27517,0,-0.045506,1,0.172,0.172,0.5,0.05
-0.0058737,0.27395,0,-0.045681,1,0.173,0.173,0.5,0.05
-0.0059189,0.27273,0,-0.045856,1,0.174,0.174,0.5,0.05
-0.005964,0.2715,0,-0.046031,1,0.175,0.175,0.5,0.05
-0.0060092,0.27028,0,-0.046206,1,0.176,0.176,0.5,0.05
-0.0060543,0.26906,0,-0.046381,1,0.177,0.177,0.5,0.05
-0.0060995,0.26784,0,-0.046556,1,0.178,0.178,0.5,0.05
-0.0061446,0.26662,0,-0.046731,1,0.179,0.179,0.5,0.05
-0.0061898,0.26539,0,-0.046906,1,0.18,0.18,0.5,0.05
-0.0062395,0.26427,0,-0.047073,1,0.181,0.181,0.5,0.05
-0.0062892,0.26315,0,-0.04724,1,0.182,0.182,0.5,0.05
-0.006339,0.26203,0,-0.047406,1,0.183,0.183,0.5,0.05
-0.0063887,0.26091,0,-0.047573,1,0.184,0.184,0.5,0.05
-0.0064384,0.25979,0,-0.04774,1,0.185,0.185,0.5,0.05
-0.0064882,0.25867,0,-0.047907,1,0.186,0.186,0.5,0.05
-0.0065379,0.25754,0,-0.048074,1,0.187,0.187,0.5,0.05
-0.0065876,0.25642,0,-0.048241,1,0.188,0.188,0.5,0.05
-0.0066374,0.2553,0,-0.048408,1,0.189,0.189,0.5,0.05
-0.0066871,0.25418,0,-0.048574,1,0.19,0.19,0.5,0.05
-0.0067422,0.25315,0,-0.048734,1,0.191,0.191,0.5,0.05
-0.0067974,0.25213,0,-0.048894,1,0.192,0.192,0.5,0.05
-0.0068525,0.2511,0,-0.049054,1,0.193,0.193,0.5,0.05
-0.0069076,0.25007,0,-0.049214,1,0.194,0.194,0.5,0.05
-0.0069628,0.24905,0,-0.049373,1,0.195,0.195,0.5,0.05
-0.0070179,0.24802,0,-0.049533,1,0.196,0.196,0.5,0.05
-0.007073,0.24699,0,-0.049693,1,0.197,0.197,0.5,0.05
-0.0071282,0.24596,0,-0.049853,1,0.198,0.198,0.5,0.05
-0.0071833,0.24494,0,-0.050013,1,0.199,0.199,0.5,0.05
-0.0072384,0.24391,0,-0.050172,1,0.2,0.2,0.5,0.05
-0.0072996,0.24297,0,-0.050326,1,0.201,0.201,0.5,0.05
-0.0073607,0.24202,0,-0.05048,1,0.202,0.202,0.5,0.05
-0.0074218,0.24108,0,-0.050633,1,0.203,0.203,0.5,0.05
-0.0074829,0.24013,0,-0.050787,1,0.204,0.204,0.5,0.05
-0.007544,0.23919,0,-0.050941,1,0.205,0.205,0.5,0.05
-0.0076052,0.23824,0,-0.051095,1,0.206,0.206,0.5,0.05
-0.0076663,0.2373,0,-0.051248,1,0.207,0.207,0.5,0.05
-0.0077274,0.23635,0,-0.051402,1,0.208,0.208,0.5,0.05
-0.0077885,0.23541,0,-0.051556,1,0.209,0.209,0.5,0.05
-0.0078496,0.23446,0,-0.051709,1,0.21,0.21,0.5,0.05
-0.0079171,0.23359,0,-0.051858,1,0.211,0.211,0.5,0.05
-0.0079845,0.23271,0,-0.052006,1,0.212,0.212,0.5,0.05
-0.008052,0.23183,0,-0.052155,1,0.213,0.213,0.5,0.05
-0.0081194,0.23096,0,-0.052303,1,0.214,0.214,0.5,0.05
-0.0081869,0.23008,0,-0.052451,1,0.215,0.215,0.5,0.05
-0.0082543,0.2292,0,-0.0526,1,0.216,0.216,0.5,0.05
-0.0083217,0.22833,0,-0.052748,1,0.217,0.217,0.5,0.05
-0.0083892,0.22745,0,-0.052897,1,0.218,0.218,0.5,0.05
-0.0084566,0.22657,0,-0.053045,1,0.219,0.219,0.5,0.05
-0.0085241,0.2257,0,-0.053193,1,0.22,0.22,0.5,0.05
-0.0085979,0.22488,0,-0.053337,1,0.221,0.221,0.5,0.05
-0.0086718,0.22405,0,-0.053481,1,0.222,0.222,0.5,0.05
-0.0087457,0.22323,0,-0.053625,1,0.223,0.223,0.5,0.05
-0.0088196,0.22241,0,-0.053768,1,0.224,0.224,0.5,0.05
-0.0088935,0.22159,0,-0.053912,1,0.225,0.225,0.5,0.05
-0.0089674,0.22077,0,-0.054056,1,0.226,0.226,0.5,0.05
-0.0090413,0.21995,0,-0.0542,1,0.227,0.227,0.5,0.05
-0.0091151,0.21912,0,-0.054343,1,0.228,0.228,0.5,0.05
-0.009189,0.2183,0,-0.054487,1,0.229,0.229,0.5,0.05
-0.0092629,0.21748,0,-0.054631,1,0.23,0.23,0.5,0.05
-0.0093432,0.2167,0,-0.05477,1,0.231,0.231,0.5,0.05
-0.0094234,0.21593,0,-0.05491,1,0.232,0.232,0.5,0.05
-0.0095037,0.21515,0,-0.055049,1,0.233,0.233,0.5,0.05
-0.0095839,0.21437,0,-0.055189,1,0.234,0.234,0.5,0.05
-0.0096642,0.21359,0,-0.055328,1,0.235,0.235,0.5,0.05
-0.0097445,0.21281,0,-0.055468,1,0.236,0.236,0.5,0.05
-0.0098247,0.21203,0,-0.055608,1,0.237,0.237,0.5,0.05
-0.009905,0.21126,0,-0.055747,1,0.238,0.238,0.5,0.05
-0.0099852,0.21048,0,-0.055887,1,0.239,0.239,0.5,0.05
-0.010065,0.2097,0,-0.056026,1,0.24,0.24,0.5,0.05
-0.010152,0.20896,0,-0.056162,1,0.241,0.241,0.5,0.05
-0.010238,0.20821,0,-0.056298,1,0.242,0.242,0.5,0.05
-0.010325,0.20747,0,-0.056433,1,0.243,0.243,0.5,0.05
-0.010411,0.20672,0,-0.056569,1,0.244,0.244,0.5,0.05
-0.010498,0.20598,0,-0.056705,1,0.245,0.245,0.5,0.05
-0.010584,0.20523,0,-0.056841,1,0.246,0.246,0.5,0.05
-0.01067,0.20449,0,-0.056976,1,0.247,0.247,0.5,0.05
-0.010757,0.20374,0,-0.057112,1,0.248,0.248,0.5,0.05
-0.010843,0.203,0,-0.057248,1,0.249,0.249,0.5,0.05
-0.01093,0.20225,0,-0.057384,1,0.25,0.25,0.5,0.05
-0.011022,0.20154,0,-0.057516,1,0.251,0.251,0.5,0.05
-0.011114,0.20082,0,-0.057648,1,0.252,0.252,0.5,0.05
-0.011207,0.2001,0,-0.05778,1,0.253,0.253,0.5,0.05
-0.011299,0.19938,0,-0.057912,1,0.254,0.254,0.5,0.05
-0.011391,0.19866,0,-0.058045,1,0.255,0.255,0.5,0.05
-0.011483,0.19794,0,-0.058177,1,0.256,0.256,0.5,0.05
-0.011576,0.19722,0,-0.058309,1,0.257,0.257,0.5,0.05
-0.011668,0.19651,0,-0.058441,1,0.258,0.258,0.5,0.05
-0.01176,0.19579,0,-0.058573,1,0.259,0.259,0.5,0.05
-0.011852,0.19507,0,-0.058706,1,0.26,0.26,0.5,0.05
-0.01195,0.19437,0,-0.058834,1,0.261,0.261,0.5,0.05
-0.012048,0.19367,0,-0.058963,1,0.262,0.262,0.5,0.05
-0.012146,0.19297,0,-0.059092,1,0.263,0.263,0.5,0.05
-0.012243,0.19228,0,-0.059221,1,0.264,0.264,0.5,0.05
-0.012341,0.19158,0,-0.05935,1,0.265,0.265,0.5,0.05
-0.012439,0.19088,0,-0.059478,1,0.266,0.266,0.5,0.05
-0.012536,0.19018,0,-0.059607,1,0.267,0.267,0.5,0.05
-0.012634,0.18948,0,-0.059736,1,0.268,0.268,0.5,0.05
-0.012732,0.18878,0,-0.059865,1,0.269,0.269,0.5,0.05
-0.012829,0.18808,0,-0.059994,1,0.27,0.27,0.5,0.05
-0.012932,0.1874,0,-0.060119,1,0.271,0.271,0.5,0.05
-0.013035,0.18672,0,-0.060245,1,0.272,0.272,0.5,0.05
-0.013137,0.18604,0,-0.060371,1,0.273,0.273,0.5,0.05
-0.01324,0.18535,0,-0.060496,1,0.274,0.274,0.5,0.05
-0.013342,0.18467,0,-0.060622,1,0.275,0.275,0.5,0.05
-0.013445,0.18399,0,-0.060747,1,0.276,0.276,0.5,0.05
-0.013548,0.1833,0,-0.060873,1,0.277,0.277,0.5,0.05
-0.01365,0.18262,0,-0.060999,1,0.278,0.278,0.5,0.05
-0.013753,0.18194,0,-0.061124,1,0.279,0.279,0.5,0.05
-0.013856,0.18125,0,-0.06125,1,0.28,0.28,0.5,0.05
-0.013963,0.18058,0,-0.061372,1,0.281,0.281,0.5,0.05
-0.01407,0.17991,0,-0.061495,1,0.282,0.282,0.5,0.05
-0.014177,0.17924,0,-0.061617,1,0.283,0.283,0.5,0.05
-0.014284,0.17857,0,-0.06174,1,0.284,0.284,0.5,0.05
-0.014391,0.1779,0,-0.061862,1,0.285,0.285,0.5,0.05
-0.014498,0.17722,0,-0.061984,1,0.286,0.286,0.5,0.05
-0.014605,0.17655,0,-0.062107,1,0.287,0.287,0.5,0.05
-0.014712,0.17588,0,-0.062229,1,0.288,0.288,0.5,0.05
-0.014819,0.17521,0,-0.062352,1,0.289,0.289,0.5,0.05
-0.014926,0.17454,0,-0.062474,1,0.29,0.29,0.5,0.05
-0.015037,0.17387,0,-0.062594,1,0.291,0.291,0.5,0.05
-0.015148,0.17321,0,-0.062713,1,0.292,0.292,0.5,0.05
-0.015259,0.17255,0,-0.062832,1,0.293,0.293,0.5,0.05
-0.01537,0.17188,0,-0.062952,1,0.294,0.294,0.5,0.05
-0.01548,0.17122,0,-0.063071,1,0.295,0.295,0.5,0.05
-0.015591,0.17056,0,-0.06319,1,0.296,0.296,0.5,0.05
-0.015702,0.1699,0,-0.06331,1,0.297,0.297,0.5,0.05
-0.015813,0.16923,0,-0.063429,1,0.298,0.298,0.5,0.05
-0.015924,0.16857,0,-0.063549,1,0.299,0.299,0.5,0.05
-0.016035,0.16791,0,-0.063668,1,0.3,0.3,0.5,0.05
-0.016149,0.16725,0,-0.063784,1,0.301,0.301,0.5,0.05
-0.016264,0.16659,0,-0.063901,1,0.302,0.302,0.5,0.05
-0.016378,0.16593,0,-0.064017,1,0.303,0.303,0.5,0.05
-0.016492,0.16528,0,-0.064133,1,0.304,0.304,0.5,0.05
-0.016606,0.16462,0,-0.064249,1,0.305,0.305,0.5,0.05
-0.016721,0.16396,0,-0.064366,1,0.306,0.306,0.5,0.05
-0.016835,0.1633,0,-0.064482,1,0.307,0.307,0.5,0.05
-0.016949,0.16265,0,-0.064598,1,0.308,0.308,0.5,0.05
-0.017064,0.16199,0,-0.064715,1,0.309,0.309,0.5,0.05
-0.017178,0.16133,0,-0.064831,1,0.31,0.31,0.5,0.05
-0.017295,0.16068,0,-0.064944,1,0.311,0.311,0.5,0.05
-0.017412,0.16003,0,-0.065057,1,0.312,0.312,0.5,0.05
-0.017529,0.15937,0,-0.065171,1,0.313,0.313,0.5,0.05
-0.017646,0.15872,0,-0.065284,1,0.314,0.314,0.5,0.05
-0.017763,0.15806,0,-0.065397,1,0.315,0.315,0.5,0.05
-0.01788,0.15741,0,-0.06551,1,0.316,0.316,0.5,0.05
-0.017997,0.15676,0,-0.065623,1,0.317,0.317,0.5,0.05
-0.018114,0.1561,0,-0.065737,1,0.318,0.318,0.5,0.05
-0.018232,0.15545,0,-0.06585,1,0.319,0.319,0.5,0.05
-0.018349,0.1548,0,-0.065963,1,0.32,0.32,0.5,0.05
-0.018468,0.15414,0,-0.066073,1,0.321,0.321,0.5,0.05
-0.018587,0.15349,0,-0.066183,1,0.322,0.322,0.5,0.05
-0.018707,0.15284,0,-0.066293,1,0.323,0.323,0.5,0.05
-0.018826,0.15219,0,-0.066403,1,0.324,0.324,0.5,0.05
-0.018946,0.15153,0,-0.066514,1,0.325,0.325,0.5,0.05
-0.019065,0.15088,0,-0.066624,1,0.326,0.326,0.5,0.05
-0.019185,0.15023,0,-0.066734,1,0.327,0.327,0.5,0.05
-0.019304,0.14958,0,-0.066844,1,0.328,0.328,0.5,0.05
-0.019423,0.14893,0,-0.066954,1,0.329,0.329,0.5,0.05
-0.019543,0.14827,0,-0.067064,1,0.33,0.33,0.5,0.05
-0.019664,0.14762,0,-0.067171,1,0.331,0.331,0.5,0.05
-0.019785,0.14697,0,-0.067278,1,0.332,0.332,0.5,0.05
-0.019907,0.14632,0,-0.067385,1,0.333,0.333,0.5,0.05
-0.020028,0.14566,0,-0.067492,1,0.334,0.334,0.5,0.05
-0.020149,0.14501,0,-0.067599,1,0.335,0.335,0.5,0.05
-0.02027,0.14436,0,-0.067706,1,0.336,0.336,0.5,0.05
-0.020392,0.14371,0,-0.067813,1,0.337,0.337,0.5,0.05
-0.020513,0.14305,0,-0.06792,1,0.338,0.338,0.5,0.05
-0.020634,0.1424,0,-0.068027,1,0.339,0.339,0.5,0.05
-0.020756,0.14175,0,-0.068134,1,0.34,0.34,0.5,0.05
-0.020878,0.14109,0,-0.068237,1,0.341,0.341,0.5,0.05
-0.021001,0.14044,0,-0.068341,1,0.342,0.342,0.5,0.05
-0.021124,0.13978,0,-0.068445,1,0.343,0.343,0.5,0.05
-0.021246,0.13913,0,-0.068548,1,0.344,0.344,0.5,0.05
-0.021369,0.13848,0,-0.068652,1,0.345,0.345,0.5,0.05
-0.021492,0.13782,0,-0.068756,1,0.346,0.346,0.5,0.05
-0.021615,0.13717,0,-0.068859,1,0.347,0.347,0.5,0.05
-0.021737,0.13651,0,-0.068963,1,0.348,0.348,0.5,0.05
-0.02186,0.13586,0,-0.069067,1,0.349,0.349,0.5,0.05
-0.021983,0.1352,0,-0.069171,1,0.35,0.35,0.5,0.05
-0.022106,0.13455,0,-0.069271,1,0.351,0.351,0.5,0.05
-0.02223,0.13389,0,-0.069371,1,0.352,0.352,0.5,0.05
-0.022354,0.13323,0,-0.069472,1,0.353,0.353,0.5,0.05
-0.022478,0.13257,0,-0.069572,1,0.354,0.354,0.5,0.05
-0.022601,0.13192,0,-0.069672,1,0.355,0.355,0.5,0.05
-0.022725,0.13126,0,-0.069773,1,0.356,0.356,0.5,0.05
-0.022849,0.1306,0,-0.069873,1,0.357,0.357,0.5,0.05
-0.022973,0.12994,0,-0.069974,1,0.358,0.358,0.5,0.05
-0.023096,0.12929,0,-0.070074,1,0.359,0.359,0.5,0.05
-0.02322,0.12863,0,-0.070174,1,0.36,0.36,0.5,0.05
-0.023345,0.12797,0,-0.070271,1,0.361,0.361,0.5,0.05
-0.023469,0.1273,0,-0.070368,1,0.362,0.362,0.5,0.05
-0.023593,0.12664,0,-0.070465,1,0.363,0.363,0.5,0.05
-0.023718,0.12598,0,-0.070562,1,0.364,0.364,0.5,0.05
-0.023842,0.12532,0,-0.070659,1,0.365,0.365,0.5,0.05
-0.023967,0.12465,0,-0.070756,1,0.366,0.366,0.5,0.05
-0.024091,0.12399,0,-0.070853,1,0.367,0.367,0.5,0.05
-0.024216,0.12333,0,-0.07095,1,0.368,0.368,0.5,0.05
-0.02434,0.12267,0,-0.071047,1,0.369,0.369,0.5,0.05
-0.024464,0.12201,0,-0.071144,1,0.37,0.37,0.5,0.05
-0.024589,0.12134,0,-0.071237,1,0.371,0.371,0.5,0.05
-0.024714,0.12067,0,-0.07133,1,0.372,0.372,0.5,0.05
-0.024839,0.12,0,-0.071424,1,0.373,0.373,0.5,0.05
-0.024963,0.11934,0,-0.071517,1,0.374,0.374,0.5,0.05
-0.025088,0.11867,0,-0.071611,1,0.375,0.375,0.5,0.05
-0.025213,0.118,0,-0.071704,1,0.376,0.376,0.5,0.05
-0.025338,0.11733,0,-0.071797,1,0.377,0.377,0.5,0.05
-0.025462,0.11666,0,-0.071891,1,0.378,0.378,0.5,0.05
-0.025587,0.116,0,-0.071984,1,0.379,0.379,0.5,0.05
-0.025712,0.11533,0,-0.072078,1,0.38,0.38,0.5,0.05
-0.025837,0.11465,0,-0.072167,1,0.381,0.381,0.5,0.05
-0.025961,0.11398,0,-0.072257,1,0.382,0.382,0.5,0.05
-0.026086,0.11331,0,-0.072347,1,0.383,0.383,0.5,0.05
-0.026211,0.11263,0,-0.072436,1,0.384,0.384,0.5,0.05
-0.026336,0.11196,0,-0.072526,1,0.385,0.385,0.5,0.05
-0.02646,0.11128,0,-0.072616,1,0.386,0.386,0.5,0.05
-0.026585,0.11061,0,-0.072705,1,0.387,0.387,0.5,0.05
-0.02671,0.10993,0,-0.072795,1,0.388,0.388,0.5,0.05
-0.026835,0.10926,0,-0.072885,1,0.389,0.389,0.5,0.05
-0.026959,0.10858,0,-0.072975,1,0.39,0.39,0.5,0.05
-0.027084,0.1079,0,-0.07306,1,0.391,0.391,0.5,0.05
-0.027208,0.10722,0,-0.073146,1,0.392,0.392,0.5,0.05
-0.027333,0.10654,0,-0.073232,1,0.393,0.393,0.5,0.05
-0.027457,0.10586,0,-0.073318,1,0.394,0.394,0.5,0.05
-0.027582,0.10517,0,-0.073404,1,0.395,0.395,0.5,0.05
-0.027706,0.10449,0,-0.07349,1,0.396,0.396,0.5,0.05
-0.027831,0.10381,0,-0.073576,1,0.397,0.397,0.5,0.05
-0.027955,0.10313,0,-0.073661,1,0.398,0.398,0.5,0.05
-0.02808,0.10245,0,-0.073747,1,0.399,0.399,0.5,0.05
-0.028204,0.10176,0,-0.073833,1,0.4,0.4,0.5,0.05
-0.028328,0.10107,0,-0.073915,1,0.401,0.401,0.5,0.05
-0.028452,0.10038,0,-0.073997,1,0.402,0.402,0.5,0.05
-0.028576,0.099692,0,-0.074079,1,0.403,0.403,0.5,0.05
-0.0287,0.099001,0,-0.074161,1,0.404,0.404,0.5,0.05
-0.028824,0.098311,0,-0.074243,1,0.405,0.405,0.5,0.05
-0.028947,0.09762,0,-0.074325,1,0.406,0.406,0.5,0.05
-0.029071,0.09693,0,-0.074406,1,0.407,0.407,0.5,0.05
-0.029195,0.096239,0,-0.074488,1,0.408,0.408,0.5,0.05
-0.029319,0.095549,0,-0.07457,1,0.409,0.409,0.5,0.05
-0.029443,0.094858,0,-0.074652,1,0.41,0.41,0.5,0.05
-0.029566,0.094159,0,-0.07473,1,0.411,0.411,0.5,0.05
-0.029689,0.093459,0,-0.074808,1,0.412,0.412,0.5,0.05
-0.029812,0.092759,0,-0.074885,1,0.413,0.413,0.5,0.05
-0.029935,0.09206,0,-0.074963,1,0.414,0.414,0.5,0.05
-0.030058,0.09136,0,-0.075041,1,0.415,0.415,0.5,0.05
-0.030181,0.09066,0,-0.075119,1,0.416,0.416,0.5,0.05
-0.030304,0.089961,0,-0.075196,1,0.417,0.417,0.5,0.05
-0.030427,0.089261,0,-0.075274,1,0.418,0.418,0.5,0.05
-0.03055,0.088561,0,-0.075352,1,0.419,0.419,0.5,0.05
-0.030673,0.087862,0,-0.07543,1,0.42,0.42,0.5,0.05
-0.030795,0.087152,0,-0.075503,1,0.421,0.421,0.5,0.05
-0.030917,0.086443,0,-0.075576,1,0.422,0.422,0.5,0.05
-0.031039,0.085733,0,-0.07565,1,0.423,0.423,0.5,0.05
-0.031161,0.085024,0,-0.075723,1,0.424,0.424,0.5,0.05
-0.031283,0.084314,0,-0.075797,1,0.425,0.425,0.5,0.05
-0.031405,0.083605,0,-0.07587,1,0.426,0.426,0.5,0.05
-0.031526,0.082895,0,-0.075944,1,0.427,0.427,0.5,0.05
-0.031648,0.082186,0,-0.076017,1,0.428,0.428,0.5,0.05
-0.03177,0.081476,0,-0.076091,1,0.429,0.429,0.5,0.05
-0.031892,0.080767,0,-0.076164,1,0.43,0.43,0.5,0.05
-0.032013,0.080047,0,-0.076233,1,0.431,0.431,0.5,0.05
-0.032133,0.079327,0,-0.076302,1,0.432,0.432,0.5,0.05
-0.032254,0.078607,0,-0.076371,1,0.433,0.433,0.5,0.05
-0.032374,0.077887,0,-0.07644,1,0.434,0.434,0.5,0.05
-0.032495,0.077167,0,-0.076509,1,0.435,0.435,0.5,0.05
-0.032615,0.076447,0,-0.076578,1,0.436,0.436,0.5,0.05
-0.032736,0.075727,0,-0.076647,1,0.437,0.437,0.5,0.05
-0.032856,0.075008,0,-0.076716,1,0.438,0.438,0.5,0.05
-0.032977,0.074288,0,-0.076785,1,0.439,0.439,0.5,0.05
-0.033097,0.073568,0,-0.076854,1,0.44,0.44,0.5,0.05
-0.033216,0.072837,0,-0.076918,1,0.441,0.441,0.5,0.05
-0.033335,0.072106,0,-0.076982,1,0.442,0.442,0.5,0.05
-0.033454,0.071375,0,-0.077047,1,0.443,0.443,0.5,0.05
-0.033573,0.070644,0,-0.077111,1,0.444,0.444,0.5,0.05
-0.033691,0.069914,0,-0.077175,1,0.445,0.445,0.5,0.05
-0.03381,0.069183,0,-0.077239,1,0.446,0.446,0.5,0.05
-0.033929,0.068452,0,-0.077304,1,0.447,0.447,0.5,0.05
-0.034048,0.067721,0,-0.077368,1,0.448,0.448,0.5,0.05
-0.034167,0.06699,0,-0.077432,1,0.449,0.449,0.5,0.05
-0.034286,0.06626,0,-0.077497,1,0.45,0.45,0.5,0.05
-0.034403,0.065518,0,-0.077556,1,0.451,0.451,0.5,0.05
-0.03452,0.064775,0,-0.077616,1,0.452,0.452,0.5,0.05
-0.034637,0.064033,0,-0.077675,1,0.453,0.453,0.5,0.05
-0.034754,0.063291,0,-0.077735,1,0.454,0.454,0.5,0.05
-0.03487,0.062549,0,-0.077794,1,0.455,0.455,0.5,0.05
-0.034987,0.061807,0,-0.077854,1,0.456,0.456,0.5,0.05
-0.035104,0.061065,0,-0.077913,1,0.457,0.457,0.5,0.05
-0.035221,0.060323,0,-0.077972,1,0.458,0.458,0.5,0.05
-0.035338,0.059581,0,-0.078032,1,0.459,0.459,0.5,0.05
-0.035455,0.058839,0,-0.078091,1,0.46,0.46,0.5,0.05
-0.03557,0.058085,0,-0.078146,1,0.461,0.461,0.5,0.05
-0.035685,0.057331,0,-0.0782,1,0.462,0.462,0.5,0.05
-0.0358,0.056577,0,-0.078255,1,0.463,0.463,0.5,0.05
-0.035915,0.055824,0,-0.078309,1,0.464,0.464,0.5,0.05
-0.036029,0.05507,0,-0.078364,1,0.465,0.465,0.5,0.05
-0.036144,0.054316,0,-0.078418,1,0.466,0.466,0.5,0.05
-0.036259,0.053562,0,-0.078473,1,0.467,0.467,0.5,0.05
-0.036374,0.052809,0,-0.078527,1,0.468,0.468,0.5,0.05
-0.036489,0.052055,0,-0.078582,1,0.469,0.469,0.5,0.05
-0.036604,0.051301,0,-0.078636,1,0.47,0.47,0.5,0.05
-0.036716,0.050536,0,-0.078685,1,0.471,0.471,0.5,0.05
-0.036829,0.04977,0,-0.078735,1,0.472,0.472,0.5,0.05
-0.036941,0.049005,0,-0.078784,1,0.473,0.473,0.5,0.05
-0.037054,0.048239,0,-0.078833,1,0.474,0.474,0.5,0.05
-0.037166,0.047474,0,-0.078883,1,0.475,0.475,0.5,0.05
-0.037279,0.046708,0,-0.078932,1,0.476,0.476,0.5,0.05
-0.037391,0.045942,0,-0.078981,1,0.477,0.477,0.5,0.05
-0.037504,0.045177,0,-0.07903,1,0.478,0.478,0.5,0.05
-0.037616,0.044411,0,-0.07908,1,0.479,0.479,0.5,0.05
-0.037729,0.043646,0,-0.079129,1,0.48,0.48,0.5,0.05
-0.037839,0.042868,0,-0.079173,1,0.481,0.481,0.5,0.05
-0.037949,0.042091,0,-0.079217,1,0.482,0.482,0.5,0.05
-0.038059,0.041313,0,-0.079261,1,0.483,0.483,0.5,0.05
-0.038169,0.040536,0,-0.079305,1,0.484,0.484,0.5,0.05
-0.038279,0.039758,0,-0.079349,1,0.485,0.485,0.5,0.05
-0.038389,0.038981,0,-0.079393,1,0.486,0.486,0.5,0.05
-0.038499,0.038203,0,-0.079437,1,0.487,0.487,0.5,0.05
-0.038609,0.037426,0,-0.07948,1,0.488,0.488,0.5,0.05
-0.038719,0.036648,0,-0.079524,1,0.489,0.489,0.5,0.05
-0.038828,0.035871,0,-0.079568,1,0.49,0.49,0.5,0.05
-0.038936,0.035081,0,-0.079607,1,0.491,0.491,0.5,0.05
-0.039043,0.034292,0,-0.079645,1,0.492,0.492,0.5,0.05
-0.03915,0.033502,0,-0.079684,1,0.493,0.493,0.5,0.05
-0.039258,0.032713,0,-0.079722,1,0.494,0.494,0.5,0.05
-0.039365,0.031923,0,-0.07976,1,0.495,0.495,0.5,0.05
-0.039472,0.031134,0,-0.079799,1,0.496,0.496,0.5,0.05
-0.039579,0.030344,0,-0.079837,1,0.497,0.497,0.5,0.05
-0.039687,0.029555,0,-0.079876,1,0.498,0.498,0.5,0.05
-0.039794,0.028765,0,-0.079914,1,0.499,0.499,0.5,0.05
-0.039901,0.027976,0,-0.079952,1,0.5,0.5,0.5,0.05
-0.040006,0.027175,0,-0.079985,1,0.501,0.501,0.5,0.05
-0.04011,0.026373,0,-0.080018,1,0.502,0.502,0.5,0.05
-0.040215,0.025572,0,-0.080051,1,0.503,0.503,0.5,0.05
-0.040319,0.02477,0,-0.080083,1,0.504,0.504,0.5,0.05
-0.040423,0.023969,0,-0.080116,1,0.505,0.505,0.5,0.05
-0.040528,0.023167,0,-0.080149,1,0.506,0.506,0.5,0.05
-0.040632,0.022366,0,-0.080181,1,0.507,0.507,0.5,0.05
-0.040737,0.021565,0,-0.080214,1,0.508,0.508,0.5,0.05
-0.040841,0.020763,0,-0.080247,1,0.509,0.509,0.5,0.05
-0.040946,0.019962,0,-0.08028,1,0.51,0.51,0.5,0.05
-0.041047,0.019149,0,-0.080306,1,0.511,0.511,0.5,0.05
-0.041148,0.018335,0,-0.080333,1,0.512,0.512,0.5,0.05
-0.04125,0.017522,0,-0.08036,1,0.513,0.513,0.5,0.05
-0.041351,0.016709,0,-0.080387,1,0.514,0.514,0.5,0.05
-0.041453,0.015896,0,-0.080414,1,0.515,0.515,0.5,0.05
-0.041554,0.015083,0,-0.080441,1,0.516,0.516,0.5,0.05
-0.041656,0.01427,0,-0.080468,1,0.517,0.517,0.5,0.05
-0.041757,0.013456,0,-0.080495,1,0.518,0.518,0.5,0.05
-0.041859,0.012643,0,-0.080521,1,0.519,0.519,0.5,0.05
-0.04196,0.01183,0,-0.080548,1,0.52,0.52,0.5,0.05
-0.042058,0.011005,0,-0.080569,1,0.521,0.521,0.5,0.05
-0.042157,0.010181,0,-0.08059,1,0.522,0.522,0.5,0.05
-0.042255,0.009356,0,-0.080611,1,0.523,0.523,0.5,0.05
-0.042353,0.0085313,0,-0.080632,1,0.524,0.524,0.5,0.05
-0.042452,0.0077066,0,-0.080653,1,0.525,0.525,0.5,0.05
-0.04255,0.0068819,0,-0.080674,1,0.526,0.526,0.5,0.05
-0.042648,0.0060572,0,-0.080695,1,0.527,0.527,0.5,0.05
-0.042747,0.0052325,0,-0.080715,1,0.528,0.528,0.5,0.05
-0.042845,0.0044078,0,-0.080736,1,0.529,0.529,0.5,0.05
-0.042944,0.0035831,0,-0.080757,1,0.53,0.53,0.5,0.05
-0.043039,0.0027471,0,-0.080772,1,0.531,0.531,0.5,0.05
-0.043134,0.0019112,0,-0.080787,1,0.532,0.532,0.5,0.05
-0.043229,0.0010753,0,-0.080802,1,0.533,0.533,0.5,0.05
-0.043324,0.00023945,0,-0.080816,1,0.534,0.534,0.5,0.05
-0.04342,-0.0005965,0,-0.080831,1,0.535,0.535,0.5,0.05
-0.043515,-0.0014324,0,-0.080846,1,0.536,0.536,0.5,0.05
-0.04361,-0.0022683,0,-0.080861,1,0.537,0.537,0.5,0.05
-0.043705,-0.0031042,0,-0.080875,1,0.538,0.538,0.5,0.05
-0.0438,-0.0039401,0,-0.08089,1,0.539,0.539,0.5,0.05
-0.043895,-0.004776,0,-0.080905,1,0.54,0.54,0.5,0.05
-0.043988,-0.0056227,0,-0.080914,1,0.541,0.541,0.5,0.05
-0.04408,-0.0064695,0,-0.080922,1,0.542,0.542,0.5,0.05
-0.044172,-0.0073162,0,-0.080931,1,0.543,0.543,0.5,0.05
-0.044264,-0.008163,0,-0.080939,1,0.544,0.544,0.5,0.05
-0.044356,-0.0090097,0,-0.080948,1,0.545,0.545,0.5,0.05
-0.044448,-0.0098564,0,-0.080956,1,0.546,0.546,0.5,0.05
-0.04454,-0.010703,0,-0.080965,1,0.547,0.547,0.5,0.05
-0.044632,-0.01155,0,-0.080973,1,0.548,0.548,0.5,0.05
-0.044724,-0.012397,0,-0.080982,1,0.549,0.549,0.5,0.05
-0.044816,-0.013243,0,-0.08099,1,0.55,0.55,0.5,0.05
-0.044905,-0.0141,0,-0.080993,1,0.551,0.551,0.5,0.05
-0.044994,-0.014958,0,-0.080995,1,0.552,0.552,0.5,0.05
-0.045083,-0.015815,0,-0.080997,1,0.553,0.553,0.5,0.05
-0.045171,-0.016672,0,-0.080999,1,0.554,0.554,0.5,0.05
-0.04526,-0.017529,0,-0.081001,1,0.555,0.555,0.5,0.05
-0.045349,-0.018386,0,-0.081004,1,0.556,0.556,0.5,0.05
-0.045438,-0.019243,0,-0.081006,1,0.557,0.557,0.5,0.05
-0.045527,-0.0201,0,-0.081008,1,0.558,0.558,0.5,0.05
-0.045616,-0.020957,0,-0.08101,1,0.559,0.559,0.5,0.05
-0.045705,-0.021814,0,-0.081012,1,0.56,0.56,0.5,0.05
-0.04579,-0.022681,0,-0.081008,1,0.561,0.561,0.5,0.05
-0.045876,-0.023548,0,-0.081004,1,0.562,0.562,0.5,0.05
-0.045962,-0.024415,0,-0.081,1,0.563,0.563,0.5,0.05
-0.046048,-0.025282,0,-0.080996,1,0.564,0.564,0.5,0.05
-0.046133,-0.026149,0,-0.080991,1,0.565,0.565,0.5,0.05
-0.046219,-0.027016,0,-0.080987,1,0.566,0.566,0.5,0.05
-0.046305,-0.027883,0,-0.080983,1,0.567,0.567,0.5,0.05
-0.046391,-0.02875,0,-0.080979,1,0.568,0.568,0.5,0.05
-0.046476,-0.029617,0,-0.080974,1,0.569,0.569,0.5,0.05
-0.046562,-0.030484,0,-0.08097,1,0.57,0.57,0.5,0.05
-0.046645,-0.03136,0,-0.080959,1,0.571,0.571,0.5,0.05
-0.046727,-0.032236,0,-0.080949,1,0.572,0.572,0.5,0.05
-0.04681,-0.033112,0,-0.080938,1,0.573,0.573,0.5,0.05
-0.046893,-0.033989,0,-0.080927,1,0.574,0.574,0.5,0.05
-0.046975,-0.034865,0,-0.080916,1,0.575,0.575,0.5,0.05
-0.047058,-0.035741,0,-0.080906,1,0.576,0.576,0.5,0.05
-0.047141,-0.036617,0,-0.080895,1,0.577,0.577,0.5,0.05
-0.047223,-0.037494,0,-0.080884,1,0.578,0.578,0.5,0.05
-0.047306,-0.03837,0,-0.080874,1,0.579,0.579,0.5,0.05
-0.047388,-0.039246,0,-0.080863,1,0.58,0.58,0.5,0.05
-0.047468,-0.040131,0,-0.080846,1,0.581,0.581,0.5,0.05
-0.047548,-0.041016,0,-0.080828,1,0.582,0.582,0.5,0.05
-0.047627,-0.041901,0,-0.080811,1,0.583,0.583,0.5,0.05
-0.047707,-0.042786,0,-0.080794,1,0.584,0.584,0.5,0.05
-0.047787,-0.043671,0,-0.080776,1,0.585,0.585,0.5,0.05
-0.047866,-0.044556,0,-0.080759,1,0.586,0.586,0.5,0.05
-0.047946,-0.045441,0,-0.080742,1,0.587,0.587,0.5,0.05
-0.048026,-0.046326,0,-0.080725,1,0.588,0.588,0.5,0.05
-0.048105,-0.047211,0,-0.080707,1,0.589,0.589,0.5,0.05
-0.048185,-0.048096,0,-0.08069,1,0.59,0.59,0.5,0.05
-0.048262,-0.048989,0,-0.080666,1,0.591,0.591,0.5,0.05
-0.048339,-0.049882,0,-0.080642,1,0.592,0.592,0.5,0.05
-0.048415,-0.050775,0,-0.080618,1,0.593,0.593,0.5,0.05
-0.048492,-0.051668,0,-0.080594,1,0.594,0.594,0.5,0.05
-0.048569,-0.052562,0,-0.080571,1,0.595,0.595,0.5,0.05
-0.048646,-0.053455,0,-0.080547,1,0.596,0.596,0.5,0.05
-0.048723,-0.054348,0,-0.080523,1,0.597,0.597,0.5,0.05
-0.048799,-0.055241,0,-0.080499,1,0.598,0.598,0.5,0.05
-0.048876,-0.056134,0,-0.080475,1,0.599,0.599,0.5,0.05
-0.048953,-0.057027,0,-0.080451,1,0.6,0.6,0.5,0.05
-0.049027,-0.057928,0,-0.080421,1,0.601,0.601,0.5,0.05
-0.049101,-0.058829,0,-0.08039,1,0.602,0.602,0.5,0.05
-0.049175,-0.059729,0,-0.08036,1,0.603,0.603,0.5,0.05
-0.049249,-0.06063,0,-0.080329,1,0.604,0.604,0.5,0.05
-0.049323,-0.061531,0,-0.080299,1,0.605,0.605,0.5,0.05
-0.049398,-0.062431,0,-0.080268,1,0.606,0.606,0.5,0.05
-0.049472,-0.063332,0,-0.080238,1,0.607,0.607,0.5,0.05
-0.049546,-0.064233,0,-0.080207,1,0.608,0.608,0.5,0.05
-0.04962,-0.065133,0,-0.080177,1,0.609,0.609,0.5,0.05
-0.049694,-0.066034,0,-0.080146,1,0.61,0.61,0.5,0.05
-0.049765,-0.066942,0,-0.080109,1,0.611,0.611,0.5,0.05
-0.049837,-0.067849,0,-0.080072,1,0.612,0.612,0.5,0.05
-0.049909,-0.068757,0,-0.080035,1,0.613,0.613,0.5,0.05
-0.04998,-0.069665,0,-0.079998,1,0.614,0.614,0.5,0.05
-0.050052,-0.070572,0,-0.079961,1,0.615,0.615,0.5,0.05
-0.050123,-0.07148,0,-0.079924,1,0.616,0.616,0.5,0.05
-0.050195,-0.072388,0,-0.079886,1,0.617,0.617,0.5,0.05
-0.050267,-0.073295,0,-0.079849,1,0.618,0.618,0.5,0.05
-0.050338,-0.074203,0,-0.079812,1,0.619,0.619,0.5,0.05
-0.05041,-0.075111,0,-0.079775,1,0.62,0.62,0.5,0.05
-0.050479,-0.076025,0,-0.079731,1,0.621,0.621,0.5,0.05
-0.050548,-0.076939,0,-0.079688,1,0.622,0.622,0.5,0.05
-0.050618,-0.077853,0,-0.079644,1,0.623,0.623,0.5,0.05
-0.050687,-0.078767,0,-0.0796,1,0.624,0.624,0.5,0.05
-0.050756,-0.079682,0,-0.079557,1,0.625,0.625,0.5,0.05
-0.050825,-0.080596,0,-0.079513,1,0.626,0.626,0.5,0.05
-0.050895,-0.08151,0,-0.079469,1,0.627,0.627,0.5,0.05
-0.050964,-0.082424,0,-0.079425,1,0.628,0.628,0.5,0.05
-0.051033,-0.083338,0,-0.079382,1,0.629,0.629,0.5,0.05
-0.051103,-0.084252,0,-0.079338,1,0.63,0.63,0.5,0.05
-0.05117,-0.085172,0,-0.079288,1,0.631,0.631,0.5,0.05
-0.051237,-0.086093,0,-0.079237,1,0.632,0.632,0.5,0.05
-0.051304,-0.087013,0,-0.079187,1,0.633,0.633,0.5,0.05
-0.051372,-0.087933,0,-0.079137,1,0.634,0.634,0.5,0.05
-0.051439,-0.088853,0,-0.079087,1,0.635,0.635,0.5,0.05
-0.051506,-0.089773,0,-0.079036,1,0.636,0.636,0.5,0.05
-0.051573,-0.090694,0,-0.078986,1,0.637,0.637,0.5,0.05
-0.051641,-0.091614,0,-0.078936,1,0.638,0.638,0.5,0.05
-0.051708,-0.092534,0,-0.078886,1,0.639,0.639,0.5,0.05
-0.051775,-0.093454,0,-0.078835,1,0.64,0.64,0.5,0.05
-0.05184,-0.09438,0,-0.078779,1,0.641,0.641,0.5,0.05
-0.051906,-0.095306,0,-0.078722,1,0.642,0.642,0.5,0.05
-0.051971,-0.096231,0,-0.078665,1,0.643,0.643,0.5,0.05
-0.052037,-0.097157,0,-0.078608,1,0.644,0.644,0.5,0.05
-0.052102,-0.098083,0,-0.078551,1,0.645,0.645,0.5,0.05
-0.052168,-0.099009,0,-0.078495,1,0.646,0.646,0.5,0.05
-0.052233,-0.099935,0,-0.078438,1,0.647,0.647,0.5,0.05
-0.052299,-0.10086,0,-0.078381,1,0.648,0.648,0.5,0.05
-0.052364,-0.10179,0,-0.078324,1,0.649,0.649,0.5,0.05
-0.05243,-0.10271,0,-0.078267,1,0.65,0.65,0.5,0.05
-0.052493,-0.10364,0,-0.078204,1,0.651,0.651,0.5,0.05
-0.052557,-0.10457,0,-0.078141,1,0.652,0.652,0.5,0.05
-0.052621,-0.10551,0,-0.078078,1,0.653,0.653,0.5,0.05
-0.052685,-0.10644,0,-0.078014,1,0.654,0.654,0.5,0.05
-0.052749,-0.10737,0,-0.077951,1,0.655,0.655,0.5,0.05
-0.052813,-0.1083,0,-0.077888,1,0.656,0.656,0.5,0.05
-0.052877,-0.10923,0,-0.077825,1,0.657,0.657,0.5,0.05
-0.052941,-0.11016,0,-0.077761,1,0.658,0.658,0.5,0.05
-0.053005,-0.11109,0,-0.077698,1,0.659,0.659,0.5,0.05
-0.053069,-0.11202,0,-0.077635,1,0.66,0.66,0.5,0.05
-0.053132,-0.11296,0,-0.077565,1,0.661,0.661,0.5,0.05
-0.053194,-0.1139,0,-0.077496,1,0.662,0.662,0.5,0.05
-0.053257,-0.11483,0,-0.077426,1,0.663,0.663,0.5,0.05
-0.05332,-0.11577,0,-0.077356,1,0.664,0.664,0.5,0.05
-0.053383,-0.1167,0,-0.077287,1,0.665,0.665,0.5,0.05
-0.053445,-0.11764,0,-0.077217,1,0.666,0.666,0.5,0.05
-0.053508,-0.11858,0,-0.077147,1,0.667,0.667,0.5,0.05
-0.053571,-0.11951,0,-0.077078,1,0.668,0.668,0.5,0.05
-0.053634,-0.12045,0,-0.077008,1,0.669,0.669,0.5,0.05
-0.053696,-0.12139,0,-0.076939,1,0.67,0.67,0.5,0.05
-0.053758,-0.12233,0,-0.076863,1,0.671,0.671,0.5,0.05
-0.05382,-0.12327,0,-0.076787,1,0.672,0.672,0.5,0.05
-0.053882,-0.12421,0,-0.076711,1,0.673,0.673,0.5,0.05
-0.053944,-0.12515,0,-0.076635,1,0.674,0.674,0.5,0.05
-0.054006,-0.12609,0,-0.076559,1,0.675,0.675,0.5,0.05
-0.054067,-0.12703,0,-0.076483,1,0.676,0.676,0.5,0.05
-0.054129,-0.12798,0,-0.076407,1,0.677,0.677,0.5,0.05
-0.054191,-0.12892,0,-0.076331,1,0.678,0.678,0.5,0.05
-0.054253,-0.12986,0,-0.076255,1,0.679,0.679,0.5,0.05
-0.054315,-0.1308,0,-0.076179,1,0.68,0.68,0.5,0.05
-0.054376,-0.13175,0,-0.076097,1,0.681,0.681,0.5,0.05
-0.054437,-0.13269,0,-0.076015,1,0.682,0.682,0.5,0.05
-0.054498,-0.13364,0,-0.075933,1,0.683,0.683,0.5,0.05
-0.05456,-0.13459,0,-0.075851,1,0.684,0.684,0.5,0.05
-0.054621,-0.13553,0,-0.075769,1,0.685,0.685,0.5,0.05
-0.054682,-0.13648,0,-0.075687,1,0.686,0.686,0.5,0.05
-0.054743,-0.13743,0,-0.075605,1,0.687,0.687,0.5,0.05
-0.054805,-0.13837,0,-0.075523,1,0.688,0.688,0.5,0.05
-0.054866,-0.13932,0,-0.075441,1,0.689,0.689,0.5,0.05
-0.054927,-0.14027,0,-0.075358,1,0.69,0.69,0.5,0.05
-0.054988,-0.14122,0,-0.07527,1,0.691,0.691,0.5,0.05
-0.055049,-0.14217,0,-0.075182,1,0.692,0.692,0.5,0.05
-0.05511,-0.14313,0,-0.075094,1,0.693,0.693,0.5,0.05
-0.055171,-0.14408,0,-0.075006,1,0.694,0.694,0.5,0.05
-0.055232,-0.14503,0,-0.074917,1,0.695,0.695,0.5,0.05
-0.055293,-0.14598,0,-0.074829,1,0.696,0.696,0.5,0.05
-0.055354,-0.14694,0,-0.074741,1,0.697,0.697,0.5,0.05
-0.055415,-0.14789,0,-0.074653,1,0.698,0.698,0.5,0.05
-0.055476,-0.14884,0,-0.074565,1,0.699,0.699,0.5,0.05
-0.055537,-0.14979,0,-0.074477,1,0.7,0.7,0.5,0.05
-0.055598,-0.15075,0,-0.074382,1,0.701,0.701,0.5,0.05
-0.055659,-0.15171,0,-0.074288,1,0.702,0.702,0.5,0.05
-0.05572,-0.15267,0,-0.074194,1,0.703,0.703,0.5,0.05
-0.055781,-0.15363,0,-0.0741,1,0.704,0.704,0.5,0.05
-0.055842,-0.15459,0,-0.074006,1,0.705,0.705,0.5,0.05
-0.055903,-0.15554,0,-0.073912,1,0.706,0.706,0.5,0.05
-0.055964,-0.1565,0,-0.073817,1,0.707,0.707,0.5,0.05
-0.056025,-0.15746,0,-0.073723,1,0.708,0.708,0.5,0.05
-0.056086,-0.15842,0,-0.073629,1,0.709,0.709,0.5,0.05
-0.056147,-0.15938,0,-0.073535,1,0.71,0.71,0.5,0.05
-0.056209,-0.16034,0,-0.073435,1,0.711,0.711,0.5,0.05
-0.05627,-0.16131,0,-0.073335,1,0.712,0.712,0.5,0.05
-0.056331,-0.16228,0,-0.073235,1,0.713,0.713,0.5,0.05
-0.056393,-0.16324,0,-0.073135,1,0.714,0.714,0.5,0.05
-0.056454,-0.16421,0,-0.073035,1,0.715,0.715,0.5,0.05
-0.056516,-0.16517,0,-0.072935,1,0.716,0.716,0.5,0.05
-0.056577,-0.16614,0,-0.072835,1,0.717,0.717,0.5,0.05
-0.056638,-0.1671,0,-0.072735,1,0.718,0.718,0.5,0.05
-0.0567,-0.16807,0,-0.072635,1,0.719,0.719,0.5,0.05
-0.056761,-0.16904,0,-0.072535,1,0.72,0.72,0.5,0.05
-0.056823,-0.17001,0,-0.072429,1,0.721,0.721,0.5,0.05
-0.056885,-0.17098,0,-0.072323,1,0.722,0.722,0.5,0.05
-0.056947,-0.17196,0,-0.072217,1,0.723,0.723,0.5,0.05
-0.057009,-0.17293,0,-0.072111,1,0.724,0.724,0.5,0.05
-0.057071,-0.1739,0,-0.072006,1,0.725,0.725,0.5,0.05
-0.057133,-0.17488,0,-0.0719,1,0.726,0.726,0.5,0.05
-0.057195,-0.17585,0,-0.071794,1,0.727,0.727,0.5,0.05
-0.057257,-0.17683,0,-0.071688,1,0.728,0.728,0.5,0.05
-0.057319,-0.1778,0,-0.071583,1,0.729,0.729,0.5,0.05
-0.057381,-0.17877,0,-0.071477,1,0.73,0.73,0.5,0.05
-0.057444,-0.17976,0,-0.071365,1,0.731,0.731,0.5,0.05
-0.057507,-0.18074,0,-0.071254,1,0.732,0.732,0.5,0.05
-0.05757,-0.18172,0,-0.071142,1,0.733,0.733,0.5,0.05
-0.057633,-0.18271,0,-0.071031,1,0.734,0.734,0.5,0.05
-0.057696,-0.18369,0,-0.07092,1,0.735,0.735,0.5,0.05
-0.057758,-0.18467,0,-0.070808,1,0.736,0.736,0.5,0.05
-0.057821,-0.18566,0,-0.070697,1,0.737,0.737,0.5,0.05
-0.057884,-0.18664,0,-0.070585,1,0.738,0.738,0.5,0.05
-0.057947,-0.18762,0,-0.070474,1,0.739,0.739,0.5,0.05
-0.05801,-0.18861,0,-0.070362,1,0.74,0.74,0.5,0.05
-0.058074,-0.1896,0,-0.070245,1,0.741,0.741,0.5,0.05
-0.058138,-0.1906,0,-0.070128,1,0.742,0.742,0.5,0.05
-0.058202,-0.19159,0,-0.070011,1,0.743,0.743,0.5,0.05
-0.058266,-0.19259,0,-0.069894,1,0.744,0.744,0.5,0.05
-0.05833,-0.19358,0,-0.069777,1,0.745,0.745,0.5,0.05
-0.058394,-0.19457,0,-0.06966,1,0.746,0.746,0.5,0.05
-0.058458,-0.19557,0,-0.069543,1,0.747,0.747,0.5,0.05
-0.058522,-0.19656,0,-0.069426,1,0.748,0.748,0.5,0.05
-0.058586,-0.19756,0,-0.069309,1,0.749,0.749,0.5,0.05
-0.05865,-0.19855,0,-0.069192,1,0.75,0.75,0.5,0.05
-0.058715,-0.19956,0,-0.06907,1,0.751,0.751,0.5,0.05
-0.05878,-0.20057,0,-0.068947,1,0.752,0.752,0.5,0.05
-0.058846,-0.20158,0,-0.068825,1,0.753,0.753,0.5,0.05
-0.058911,-0.20258,0,-0.068702,1,0.754,0.754,0.5,0.05
-0.058976,-0.20359,0,-0.06858,1,0.755,0.755,0.5,0.05
-0.059041,-0.2046,0,-0.068457,1,0.756,0.756,0.5,0.05
-0.059106,-0.20561,0,-0.068335,1,0.757,0.757,0.5,0.05
-0.059172,-0.20661,0,-0.068212,1,0.758,0.758,0.5,0.05
-0.059237,-0.20762,0,-0.06809,1,0.759,0.759,0.5,0.05
-0.059302,-0.20863,0,-0.067968,1,0.76,0.76,0.5,0.05
-0.059368,-0.20965,0,-0.06784,1,0.761,0.761,0.5,0.05
-0.059435,-0.21067,0,-0.067712,1,0.762,0.762,0.5,0.05
-0.059501,-0.2117,0,-0.067584,1,0.763,0.763,0.5,0.05
-0.059568,-0.21272,0,-0.067456,1,0.764,0.764,0.5,0.05
-0.059634,-0.21374,0,-0.067328,1,0.765,0.765,0.5,0.05
-0.059701,-0.21477,0,-0.0672,1,0.766,0.766,0.5,0.05
-0.059767,-0.21579,0,-0.067072,1,0.767,0.767,0.5,0.05
-0.059834,-0.21681,0,-0.066944,1,0.768,0.768,0.5,0.05
-0.0599,-0.21783,0,-0.066816,1,0.769,0.769,0.5,0.05
-0.059966,-0.21886,0,-0.066689,1,0.77,0.77,0.5,0.05
-0.060034,-0.2199,0,-0.066555,1,0.771,0.771,0.5,0.05
-0.060101,-0.22094,0,-0.066422,1,0.772,0.772,0.5,0.05
-0.060169,-0.22198,0,-0.066289,1,0.773,0.773,0.5,0.05
-0.060237,-0.22302,0,-0.066155,1,0.774,0.774,0.5,0.05
-0.060304,-0.22405,0,-0.066022,1,0.775,0.775,0.5,0.05
-0.060372,-0.22509,0,-0.065889,1,0.776,0.776,0.5,0.05
-0.060439,-0.22613,0,-0.065756,1,0.777,0.777,0.5,0.05
-0.060507,-0.22717,0,-0.065622,1,0.778,0.778,0.5,0.05
-0.060574,-0.22821,0,-0.065489,1,0.779,0.779,0.5,0.05
-0.060642,-0.22925,0,-0.065356,1,0.78,0.78,0.5,0.05
-0.06071,-0.23031,0,-0.065217,1,0.781,0.781,0.5,0.05
-0.060778,-0.23137,0,-0.065079,1,0.782,0.782,0.5,0.05
-0.060846,-0.23243,0,-0.06494,1,0.783,0.783,0.5,0.05
-0.060914,-0.23349,0,-0.064801,1,0.784,0.784,0.5,0.05
-0.060983,-0.23455,0,-0.064663,1,0.785,0.785,0.5,0.05
-0.061051,-0.2356,0,-0.064524,1,0.786,0.786,0.5,0.05
-0.061119,-0.23666,0,-0.064386,1,0.787,0.787,0.5,0.05
-0.061187,-0.23772,0,-0.064247,1,0.788,0.788,0.5,0.05
-0.061255,-0.23878,0,-0.064108,1,0.789,0.789,0.5,0.05
-0.061324,-0.23984,0,-0.06397,1,0.79,0.79,0.5,0.05
-0.061392,-0.24092,0,-0.063826,1,0.791,0.791,0.5,0.05
-0.06146,-0.24199,0,-0.063682,1,0.792,0.792,0.5,0.05
-0.061528,-0.24307,0,-0.063538,1,0.793,0.793,0.5,0.05
-0.061596,-0.24415,0,-0.063394,1,0.794,0.794,0.5,0.05
-0.061664,-0.24523,0,-0.06325,1,0.795,0.795,0.5,0.05
-0.061732,-0.24631,0,-0.063106,1,0.796,0.796,0.5,0.05
-0.061801,-0.24738,0,-0.062962,1,0.797,0.797,0.5,0.05
-0.061869,-0.24846,0,-0.062818,1,0.798,0.798,0.5,0.05
-0.061937,-0.24954,0,-0.062674,1,0.799,0.799,0.5,0.05
-0.062005,-0.25062,0,-0.062531,1,0.8,0.8,0.5,0.05
-0.062072,-0.25172,0,-0.062381,1,0.801,0.801,0.5,0.05
-0.062139,-0.25281,0,-0.062232,1,0.802,0.802,0.5,0.05
-0.062206,-0.25391,0,-0.062083,1,0.803,0.803,0.5,0.05
-0.062273,-0.25501,0,-0.061934,1,0.804,0.804,0.5,0.05
-0.06234,-0.2561,0,-0.061785,1,0.805,0.805,0.5,0.05
-0.062406,-0.2572,0,-0.061635,1,0.806,0.806,0.5,0.05
-0.062473,-0.2583,0,-0.061486,1,0.807,0.807,0.5,0.05
-0.06254,-0.2594,0,-0.061337,1,0.808,0.808,0.5,0.05
-0.062607,-0.26049,0,-0.061188,1,0.809,0.809,0.5,0.05
-0.062674,-0.26159,0,-0.061039,1,0.81,0.81,0.5,0.05
-0.062738,-0.2627,0,-0.060884,1,0.811,0.811,0.5,0.05
-0.062802,-0.26382,0,-0.06073,1,0.812,0.812,0.5,0.05
-0.062866,-0.26493,0,-0.060575,1,0.813,0.813,0.5,0.05
-0.06293,-0.26605,0,-0.060421,1,0.814,0.814,0.5,0.05
-0.062994,-0.26716,0,-0.060266,1,0.815,0.815,0.5,0.05
-0.063058,-0.26828,0,-0.060112,1,0.816,0.816,0.5,0.05
-0.063122,-0.26939,0,-0.059958,1,0.817,0.817,0.5,0.05
-0.063186,-0.2705,0,-0.059803,1,0.818,0.818,0.5,0.05
-0.063249,-0.27162,0,-0.059649,1,0.819,0.819,0.5,0.05
-0.063313,-0.27273,0,-0.059494,1,0.82,0.82,0.5,0.05
-0.063372,-0.27386,0,-0.059335,1,0.821,0.821,0.5,0.05
-0.063431,-0.27499,0,-0.059175,1,0.822,0.822,0.5,0.05
-0.06349,-0.27611,0,-0.059016,1,0.823,0.823,0.5,0.05
-0.063548,-0.27724,0,-0.058856,1,0.824,0.824,0.5,0.05
-0.063607,-0.27837,0,-0.058697,1,0.825,0.825,0.5,0.05
-0.063666,-0.27949,0,-0.058537,1,0.826,0.826,0.5,0.05
-0.063724,-0.28062,0,-0.058377,1,0.827,0.827,0.5,0.05
-0.063783,-0.28174,0,-0.058218,1,0.828,0.828,0.5,0.05
-0.063842,-0.28287,0,-0.058058,1,0.829,0.829,0.5,0.05
-0.063901,-0.284,0,-0.057899,1,0.83,0.83,0.5,0.05
-0.063951,-0.28513,0,-0.057734,1,0.831,0.831,0.5,0.05
-0.064002,-0.28626,0,-0.05757,1,0.832,0.832,0.5,0.05
-0.064053,-0.28739,0,-0.057405,1,0.833,0.833,0.5,0.05
-0.064104,-0.28853,0,-0.057241,1,0.834,0.834,0.5,0.05
-0.064155,-0.28966,0,-0.057076,1,0.835,0.835,0.5,0.05
-0.064205,-0.29079,0,-0.056912,1,0.836,0.836,0.5,0.05
-0.064256,-0.29192,0,-0.056747,1,0.837,0.837,0.5,0.05
-0.064307,-0.29305,0,-0.056583,1,0.838,0.838,0.5,0.05
-0.064358,-0.29419,0,-0.056418,1,0.839,0.839,0.5,0.05
-0.064409,-0.29532,0,-0.056254,1,0.84,0.84,0.5,0.05
-0.064449,-0.29645,0,-0.056085,1,0.841,0.841,0.5,0.05
-0.064489,-0.29758,0,-0.055915,1,0.842,0.842,0.5,0.05
-0.06453,-0.2987,0,-0.055746,1,0.843,0.843,0.5,0.05
-0.06457,-0.29983,0,-0.055577,1,0.844,0.844,0.5,0.05
-0.06461,-0.30096,0,-0.055408,1,0.845,0.845,0.5,0.05
-0.064651,-0.30209,0,-0.055239,1,0.846,0.846,0.5,0.05
-0.064691,-0.30322,0,-0.055069,1,0.847,0.847,0.5,0.05
-0.064731,-0.30435,0,-0.0549,1,0.848,0.848,0.5,0.05
-0.064772,-0.30548,0,-0.054731,1,0.849,0.849,0.5,0.05
-0.064812,-0.30661,0,-0.054562,1,0.85,0.85,0.5,0.05
-0.064841,-0.30773,0,-0.054388,1,0.851,0.851,0.5,0.05
-0.06487,-0.30885,0,-0.054215,1,0.852,0.852,0.5,0.05
-0.064899,-0.30997,0,-0.054041,1,0.853,0.853,0.5,0.05
-0.064927,-0.31109,0,-0.053868,1,0.854,0.854,0.5,0.05
-0.064956,-0.31222,0,-0.053694,1,0.855,0.855,0.5,0.05
-0.064985,-0.31334,0,-0.053521,1,0.856,0.856,0.5,0.05
-0.065014,-0.31446,0,-0.053347,1,0.857,0.857,0.5,0.05
-0.065043,-0.31558,0,-0.053174,1,0.858,0.858,0.5,0.05
-0.065072,-0.3167,0,-0.053,1,0.859,0.859,0.5,0.05
-0.0651,-0.31782,0,-0.052827,1,0.86,0.86,0.5,0.05
-0.06512,-0.31894,0,-0.052649,1,0.861,0.861,0.5,0.05
-0.06514,-0.32007,0,-0.052472,1,0.862,0.862,0.5,0.05
-0.06516,-0.32119,0,-0.052294,1,0.863,0.863,0.5,0.05
-0.06518,-0.32231,0,-0.052117,1,0.864,0.864,0.5,0.05
-0.0652,-0.32343,0,-0.05194,1,0.865,0.865,0.5,0.05
-0.06522,-0.32455,0,-0.051762,1,0.866,0.866,0.5,0.05
-0.06524,-0.32567,0,-0.051585,1,0.867,0.867,0.5,0.05
-0.06526,-0.32679,0,-0.051407,1,0.868,0.868,0.5,0.05
-0.06528,-0.32792,0,-0.05123,1,0.869,0.869,0.5,0.05
-0.0653,-0.32904,0,-0.051052,1,0.87,0.87,0.5,0.05
-0.065322,-0.3302,0,-0.050871,1,0.871,0.871,0.5,0.05
-0.065343,-0.33136,0,-0.05069,1,0.872,0.872,0.5,0.05
-0.065364,-0.33252,0,-0.050509,1,0.873,0.873,0.5,0.05
-0.065386,-0.33368,0,-0.050327,1,0.874,0.874,0.5,0.05
-0.065407,-0.33484,0,-0.050146,1,0.875,0.875,0.5,0.05
-0.065428,-0.33599,0,-0.049965,1,0.876,0.876,0.5,0.05
-0.065449,-0.33715,0,-0.049784,1,0.877,0.877,0.5,0.05
-0.065471,-0.33831,0,-0.049603,1,0.878,0.878,0.5,0.05
-0.065492,-0.33947,0,-0.049421,1,0.879,0.879,0.5,0.05
-0.065513,-0.34063,0,-0.04924,1,0.88,0.88,0.5,0.05
-0.065557,-0.34192,0,-0.049055,1,0.881,0.881,0.5,0.05
-0.065601,-0.34321,0,-0.048869,1,0.882,0.882,0.5,0.05
-0.065645,-0.34451,0,-0.048683,1,0.883,0.883,0.5,0.05
-0.065689,-0.3458,0,-0.048498,1,0.884,0.884,0.5,0.05
-0.065733,-0.34709,0,-0.048312,1,0.885,0.885,0.5,0.05
-0.065777,-0.34838,0,-0.048127,1,0.886,0.886,0.5,0.05
-0.065821,-0.34967,0,-0.047941,1,0.887,0.887,0.5,0.05
-0.065865,-0.35096,0,-0.047756,1,0.888,0.888,0.5,0.05
-0.065909,-0.35225,0,-0.04757,1,0.889,0.889,0.5,0.05
-0.065953,-0.35354,0,-0.047385,1,0.89,0.89,0.5,0.05
-0.066053,-0.35513,0,-0.047193,1,0.891,0.891,0.5,0.05
-0.066152,-0.35672,0,-0.047001,1,0.892,0.892,0.5,0.05
-0.066252,-0.35832,0,-0.046809,1,0.893,0.893,0.5,0.05
-0.066352,-0.35991,0,-0.046617,1,0.894,0.894,0.5,0.05
-0.066451,-0.3615,0,-0.046425,1,0.895,0.895,0.5,0.05
-0.066551,-0.36309,0,-0.046234,1,0.896,0.896,0.5,0.05
-0.066651,-0.36468,0,-0.046042,1,0.897,0.897,0.5,0.05
-0.066751,-0.36627,0,-0.04585,1,0.898,0.898,0.5,0.05
-0.06685,-0.36786,0,-0.045658,1,0.899,0.899,0.5,0.05
-0.06695,-0.36945,0,-0.045466,1,0.9,0.9,0.5,0.05
-0.067141,-0.37157,0,-0.045264,1,0.901,0.901,0.5,0.05
-0.067331,-0.37369,0,-0.045061,1,0.902,0.902,0.5,0.05
-0.067522,-0.3758,0,-0.044859,1,0.903,0.903,0.5,0.05
-0.067713,-0.37792,0,-0.044657,1,0.904,0.904,0.5,0.05
-0.067903,-0.38004,0,-0.044454,1,0.905,0.905,0.5,0.05
-0.068094,-0.38216,0,-0.044252,1,0.906,0.906,0.5,0.05
-0.068285,-0.38427,0,-0.044049,1,0.907,0.907,0.5,0.05
-0.068475,-0.38639,0,-0.043847,1,0.908,0.908,0.5,0.05
-0.068666,-0.38851,0,-0.043644,1,0.909,0.909,0.5,0.05
-0.068857,-0.39062,0,-0.043442,1,0.91,0.91,0.5,0.05
-0.069146,-0.39345,0,-0.043222,1,0.911,0.911,0.5,0.05
-0.069435,-0.39627,0,-0.043002,1,0.912,0.912,0.5,0.05
-0.069725,-0.39909,0,-0.042782,1,0.913,0.913,0.5,0.05
-0.070014,-0.40192,0,-0.042562,1,0.914,0.914,0.5,0.05
-0.070304,-0.40474,0,-0.042342,1,0.915,0.915,0.5,0.05
-0.070593,-0.40756,0,-0.042122,1,0.916,0.916,0.5,0.05
-0.070882,-0.41039,0,-0.041901,1,0.917,0.917,0.5,0.05
-0.071172,-0.41321,0,-0.041681,1,0.918,0.918,0.5,0.05
-0.071461,-0.41603,0,-0.041461,1,0.919,0.919,0.5,0.05
-0.071751,-0.41885,0,-0.041241,1,0.92,0.92,0.5,0.05
-0.072075,-0.42229,0,-0.040995,1,0.921,0.921,0.5,0.05
-0.072399,-0.42572,0,-0.040749,1,0.922,0.922,0.5,0.05
-0.072724,-0.42915,0,-0.040503,1,0.923,0.923,0.5,0.05
-0.073048,-0.43259,0,-0.040258,1,0.924,0.924,0.5,0.05
-0.073373,-0.43602,0,-0.040012,1,0.925,0.925,0.5,0.05
-0.073697,-0.43945,0,-0.039766,1,0.926,0.926,0.5,0.05
-0.074022,-0.44288,0,-0.03952,1,0.927,0.927,0.5,0.05
-0.074346,-0.44632,0,-0.039274,1,0.928,0.928,0.5,0.05
-0.07467,-0.44975,0,-0.039028,1,0.929,0.929,0.5,0.05
-0.074995,-0.45318,0,-0.038782,1,0.93,0.93,0.5,0.05
-0.075189,-0.45654,0,-0.038506,1,0.931,0.931,0.5,0.05
-0.075382,-0.4599,0,-0.038231,1,0.932,0.932,0.5,0.05
-0.075576,-0.46326,0,-0.037955,1,0.933,0.933,0.5,0.05
-0.07577,-0.46662,0,-0.037679,1,0.934,0.934,0.5,0.05
-0.075964,-0.46997,0,-0.037404,1,0.935,0.935,0.5,0.05
-0.076157,-0.47333,0,-0.037128,1,0.936,0.936,0.5,0.05
-0.076351,-0.47669,0,-0.036853,1,0.937,0.937,0.5,0.05
-0.076545,-0.48005,0,-0.036577,1,0.938,0.938,0.5,0.05
-0.076739,-0.48341,0,-0.036301,1,0.939,0.939,0.5,0.05
-0.076932,-0.48677,0,-0.036026,1,0.94,0.94,0.5,0.05
-0.076735,-0.48852,0,-0.035729,1,0.941,0.941,0.5,0.05
-0.076538,-0.49028,0,-0.035433,1,0.942,0.942,0.5,0.05
-0.076341,-0.49204,0,-0.035137,1,0.943,0.943,0.5,0.05
-0.076144,-0.49379,0,-0.034841,1,0.944,0.944,0.5,0.05
-0.075947,-0.49555,0,-0.034545,1,0.945,0.945,0.5,0.05
-0.075749,-0.4973,0,-0.034249,1,0.946,0.946,0.5,0.05
-0.075552,-0.49906,0,-0.033952,1,0.947,0.947,0.5,0.05
-0.075355,-0.50082,0,-0.033656,1,0.948,0.948,0.5,0.05
-0.075158,-0.50257,0,-0.03336,1,0.949,0.949,0.5,0.05
-0.074961,-0.50433,0,-0.033064,1,0.95,0.95,0.5,0.05
-0.07409,-0.5022,0,-0.032781,1,0.951,0.951,0.5,0.05
-0.073219,-0.50007,0,-0.032499,1,0.952,0.952,0.5,0.05
-0.072348,-0.49794,0,-0.032216,1,0.953,0.953,0.5,0.05
-0.071477,-0.49581,0,-0.031933,1,0.954,0.954,0.5,0.05
-0.070606,-0.49368,0,-0.03165,1,0.955,0.955,0.5,0.05
-0.069735,-0.49155,0,-0.031368,1,0.956,0.956,0.5,0.05
-0.068864,-0.48942,0,-0.031085,1,0.957,0.957,0.5,0.05
-0.067993,-0.48729,0,-0.030802,1,0.958,0.958,0.5,0.05
-0.067122,-0.48516,0,-0.030519,1,0.959,0.959,0.5,0.05
-0.066251,-0.48303,0,-0.030236,1,0.96,0.96,0.5,0.05
-0.064575,-0.47483,0,-0.030022,1,0.961,0.961,0.5,0.05
-0.0629,-0.46663,0,-0.029808,1,0.962,0.962,0.5,0.05
-0.061224,-0.45844,0,-0.029593,1,0.963,0.963,0.5,0.05
-0.059549,-0.45024,0,-0.029379,1,0.964,0.964,0.5,0.05
-0.057873,-0.44205,0,-0.029164,1,0.965,0.965,0.5,0.05
-0.056198,-0.43385,0,-0.02895,1,0.966,0.966,0.5,0.05
-0.054522,-0.42566,0,-0.028736,1,0.967,0.967,0.5,0.05
-0.052847,-0.41746,0,-0.028521,1,0.968,0.968,0.5,0.05
-0.051171,-0.40927,0,-0.028307,1,0.969,0.969,0.5,0.05
-0.049495,-0.40107,0,-0.028092,1,0.97,0.97,0.5,0.05
-0.047203,-0.38696,0,-0.027983,1,0.971,0.971,0.5,0.05
-0.04491,-0.37284,0,-0.027873,1,0.972,0.972,0.5,0.05
-0.042618,-0.35872,0,-0.027764,1,0.973,0.973,0.5,0.05
-0.040325,-0.3446,0,-0.027654,1,0.974,0.974,0.5,0.05
-0.038033,-0.33048,0,-0.027545,1,0.975,0.975,0.5,0.05
-0.03574,-0.31637,0,-0.027435,1,0.976,0.976,0.5,0.05
-0.033448,-0.30225,0,-0.027326,1,0.977,0.977,0.5,0.05
-0.031155,-0.28813,0,-0.027216,1,0.978,0.978,0.5,0.05
-0.028863,-0.27401,0,-0.027107,1,0.979,0.979,0.5,0.05
-0.02657,-0.2599,0,-0.026997,1,0.98,0.98,0.5,0.05
-0.024641,-0.2446,0,-0.026997,1,0.981,0.981,0.5,0.05
-0.022713,-0.22931,0,-0.026998,1,0.982,0.982,0.5,0.05
-0.020784,-0.21401,0,-0.026998,1,0.983,0.983,0.5,0.05
-0.018856,-0.19872,0,-0.026998,1,0.984,0.984,0.5,0.05
-0.016927,-0.18343,0,-0.026998,1,0.985,0.985,0.5,0.05
-0.014999,-0.16813,0,-0.026999,1,0.986,0.986,0.5,0.05
-0.01307,-0.15284,0,-0.026999,1,0.987,0.987,0.5,0.05
-0.011142,-0.13754,0,-0.026999,1,0.988,0.988,0.5,0.05
-0.0092131,-0.12225,0,-0.026999,1,0.989,0.989,0.5,0.05
-0.0072846,-0.10695,0,-0.027,1,0.99,0.99,0.5,0.05
-0.0066101,-0.099943,0,-0.027027,1,0.991,0.991,0.5,0.05
-0.0059356,-0.092932,0,-0.027054,1,0.992,0.992,0.5,0.05
-0.005261,-0.08592,0,-0.027082,1,0.993,0.993,0.5,0.05
-0.0045865,-0.078908,0,-0.027109,1,0.994,0.994,0.5,0.05
-0.0039119,-0.071896,0,-0.027136,1,0.995,0.995,0.5,0.05
-0.0032374,-0.064885,0,-0.027163,1,0.996,0.996,0.5,0.05
-0.0025629,-0.057873,0,-0.027191,1,0.997,0.997,0.5,0.05
-0.0018883,-0.050861,0,-0.027218,1,0.998,0.998,0.5,0.05
-0.0012138,-0.04385,0,-0.027245,1,0.999,0.999,0.5,0.05
-0.00053924,-0.036838,0,-0.027272,1,1,1,0.5,0.05
